1.23294901848,1.16200518608,1.22283887863,1.35071492195,1.69523787498
1.17497706413,1.13430404663,1.21934199333,1.31846690178,1.73959589005
1.21779108047,1.18021917343,1.22502994537,1.32056498528,1.69318914413
1.2055439949,1.12579488754,1.25119519234,1.35092806816,1.74230790138
1.19364190102,1.16144800186,1.22941207886,1.3293170929,1.70100593567
1.24782299995,1.16417312622,1.21784806252,1.35418391228,1.74607586861
1.20986104012,1.16073608398,1.22572493553,1.32692694664,1.69706583023
1.19411993027,1.14477801323,1.23826217651,1.34080600739,1.73999595642
1.20853710175,1.16896009445,1.23281002045,1.34064292908,1.69576001167
1.21534514427,1.16654419899,1.21295404434,1.37347602844,1.74059700966
1.17802906036,1.16423010826,1.22935914993,1.34448194504,1.70055198669
1.24294304848,1.13932585716,1.24357795715,1.32486200333,1.74365019798
1.17371606827,1.18374896049,1.2342300415,1.33287215233,1.69459891319
1.21554708481,1.13468408585,1.2197728157,1.37297606468,1.73904705048
1.20947408676,1.16667819023,1.2290160656,1.34248590469,1.69491100311
1.19615697861,1.16424512863,1.23941683769,1.31599998474,1.74371504784
1.24868702888,1.16963601112,1.23568701744,1.36409687996,1.69595694542
1.21686291695,1.13645601273,1.2184779644,1.31838107109,1.73993611336
1.19310188293,1.16949605942,1.21990013123,1.34742116928,1.69581794739
1.21528482437,1.17313909531,1.23124408722,1.3426990509,1.74136400223
1.21377897263,1.16912817955,1.23481297493,1.32645487785,1.69704198837
1.20874714851,1.14691185951,1.24538707733,1.34461522102,1.74604582787
1.2188680172,1.193598032,1.22904205322,1.35111689568,1.70105886459
1.1749060154,1.13398098946,1.2479300499,1.35793995857,1.7529129982
1.23321485519,1.16291689873,1.25058293343,1.3192589283,1.70808410645
1.17948484421,1.14635205269,1.23666810989,1.33061718941,1.74900603294
1.21301198006,1.17222094536,1.22600603104,1.35618782043,1.70263791084
1.22201704979,1.17289996147,1.26051998138,1.3281109333,1.75659513474
1.19982099533,1.14518594742,1.20573616028,1.35928702354,1.69858694077
1.17956185341,1.16358995438,1.2789170742,1.33346509933,1.74806404114
1.20845007896,1.18427705765,1.22668910027,1.33926105499,1.70700716972
1.24075293541,1.18267607689,1.23769903183,1.34430003166,1.76046395302
1.19766283035,1.1452331543,1.21783614159,1.3739991188,1.70735812187
1.24933004379,1.16303610802,1.25161910057,1.3497698307,1.76061296463
1.17671990395,1.20774006844,1.21984887123,1.32699489594,1.7245349884
1.23669600487,1.15772914886,1.24957609177,1.34667205811,1.71581506729
1.18065190315,1.16911292076,1.2583501339,1.38512206078,1.77764010429
1.25085091591,1.16185307503,1.21141505241,1.34988498688,1.70690202713
1.18209290504,1.16531395912,1.25890994072,1.33763289452,1.75481104851
1.21733999252,1.1967048645,1.21255898476,1.33284592628,1.72738599777
1.16393995285,1.1706328392,1.20151901245,1.35346007347,1.76802706718
1.19718718529,1.21871495247,1.2486281395,1.35695099831,1.75027990341
1.19962596893,1.18170881271,1.22684216499,1.3549721241,1.75522279739
1.17320799828,1.20275306702,1.19545388222,1.35721588135,1.75206589699
1.23549795151,1.16077804565,1.24902296066,1.37812495232,1.72070598602
1.19593787193,1.19739413261,1.19131588936,1.36404085159,1.7529540062
1.19591498375,1.16825699806,1.26005578041,1.37724399567,1.74836111069
1.17534708977,1.2050549984,1.21448588371,1.33785700798,1.72667694092
1.20447897911,1.17337989807,1.21290016174,1.36857104301,1.76217699051
1.16419696808,1.20191597939,1.24346613884,1.34164810181,1.73754882812
1.227891922,1.17694497108,1.2382068634,1.35041284561,1.76151800156
1.16510391235,1.20221114159,1.21035814285,1.36125421524,1.75417780876
1.19017291069,1.171626091,1.23736810684,1.36141300201,1.76396298409
1.20001220703,1.19875097275,1.2003018856,1.36312794685,1.72534799576
1.18305206299,1.17435193062,1.26735281944,1.3412270546,1.77867102623
1.22691106796,1.19948792458,1.21784877777,1.38680815697,1.74602913857
1.20583486557,1.16839122772,1.19876194,1.33899283409,1.73379397392
1.1808989048,1.19459795952,1.24915599823,1.34716176987,1.77740287781
1.20421004295,1.18285799026,1.23236298561,1.37580680847,1.73448991776
1.19745087624,1.20918989182,1.20584797859,1.35550093651,1.78931593895
1.18882703781,1.17061305046,1.24223399162,1.36635804176,1.73098897934
1.20220804214,1.20266795158,1.20740914345,1.36738109589,1.7703499794
1.16393494606,1.16871404648,1.26594591141,1.36906099319,1.7426199913
1.22373890877,1.19151091576,1.21396899223,1.33836889267,1.78492617607
1.1664390564,1.1943359375,1.211632967,1.3932890892,1.77170491219
1.19991707802,1.16916894913,1.2502989769,1.38216304779,1.76891517639
1.21494793892,1.21306204796,1.23540592194,1.35370993614,1.77500915527
1.17847585678,1.18286705017,1.20857381821,1.37349200249,1.74703001976
1.18236088753,1.20854902267,1.25326681137,1.38528394699,1.78503298759
1.20126795769,1.18274092674,1.19859194756,1.34216094017,1.77769994736
1.22846984863,1.1712141037,1.26531195641,1.3436961174,1.75641703606
1.17660689354,1.23251414299,1.22617912292,1.3739938736,1.79023003578
1.23915815353,1.20222210884,1.23893809319,1.368516922,1.77733206749
1.15876913071,1.20055699348,1.20447516441,1.34463810921,1.78365182877
1.21883702278,1.19693207741,1.22753190994,1.40367698669,1.79196596146
1.17109513283,1.2156829834,1.24302506447,1.34703111649,1.75311899185
1.22596597672,1.19430994987,1.20158696175,1.36855792999,1.81176900864
1.16923213005,1.21042704582,1.21176695824,1.36642098427,1.74748301506
1.24880385399,1.14401507378,1.18583512306,1.31198787689,1.69621181488
1.21829080582,1.13843607903,1.18194699287,1.34234404564,1.67639994621
1.22117495537,1.16323113441,1.1876142025,1.3200571537,1.69754004478
1.21271896362,1.16618990898,1.20480203629,1.34550499916,1.68732500076
1.22218203545,1.13759994507,1.18453192711,1.31707596779,1.67846798897
1.23994898796,1.18430805206,1.20583319664,1.36462903023,1.71337509155
1.19818496704,1.15379405022,1.17502093315,1.32282686234,1.69269299507
1.25550103188,1.13754606247,1.19972205162,1.33609080315,1.66908097267
1.21374702454,1.19429707527,1.21395993233,1.32104706764,1.71028184891
1.22531604767,1.15430212021,1.20574998856,1.3559961319,1.70358395576
1.22389912605,1.15503001213,1.17178487778,1.32032299042,1.6674580574
1.2397351265,1.16842889786,1.22970890999,1.37042999268,1.7304828167
1.20764493942,1.16548490524,1.19406914711,1.31411504745,1.66125202179
1.26268696785,1.14408111572,1.21738100052,1.34635210037,1.68518185616
1.20163106918,1.18383312225,1.16083598137,1.32289409637,1.695125103
1.25653386116,1.16148495674,1.22249794006,1.35035085678,1.67277312279
1.22419691086,1.13760399818,1.18956494331,1.31855297089,1.73924994469
1.24491786957,1.19787311554,1.17277312279,1.36750006676,1.66428208351
1.22684717178,1.14594292641,1.20776796341,1.31694507599,1.71558403969
1.22433304787,1.14350795746,1.17480993271,1.35258603096,1.70496296883
1.23140311241,1.17138695717,1.20691108704,1.32358789444,1.6771440506
1.25306510925,1.16880583763,1.18780088425,1.35727882385,1.71407318115
1.25906419754,1.13982200623,1.21160292625,1.32054519653,1.68164181709
1.21467709541,1.18170785904,1.21556901932,1.36796689034,1.7115149498
1.26889300346,1.15413117409,1.20530104637,1.3196079731,1.67502212524
1.20804905891,1.14888501167,1.20273113251,1.35307693481,1.72583794594
1.26262784004,1.2006149292,1.18950009346,1.3195950985,1.67227911949
1.25557994843,1.15894079208,1.18822598457,1.35118293762,1.70933389664
1.20416903496,1.16372299194,1.20089316368,1.35136318207,1.68924999237
1.26258611679,1.17569184303,1.1906440258,1.32755994797,1.68731594086
1.23965501785,1.17456007004,1.2126750946,1.37994718552,1.71813988686
1.25224304199,1.14079999924,1.17459988594,1.33231687546,1.6972899437
1.21367692947,1.16827702522,1.20382881165,1.31412982941,1.678647995
1.27807688713,1.14359211922,1.20975494385,1.37924814224,1.74653315544
1.20591402054,1.17260193825,1.16918492317,1.34337091446,1.70303988457
1.24625110626,1.14419102669,1.21873497963,1.30913996696,1.68511915207
1.25112199783,1.17441105843,1.19455289841,1.38168692589,1.74175786972
1.23155593872,1.17372012138,1.18099212646,1.3142490387,1.69518995285
1.21798086166,1.14692902565,1.18662691116,1.36608600616,1.69646191597
1.20525598526,1.1915910244,1.23152303696,1.32564401627,1.72162079811
1.22396683693,1.17700195312,1.21397590637,1.30701589584,1.74766397476
1.19707393646,1.19628286362,1.23935079575,1.34743714333,1.7312951088
1.20527100563,1.18297791481,1.23762798309,1.34350204468,1.7351770401
1.20690917969,1.22260904312,1.22359800339,1.3133559227,1.70904994011
1.19879412651,1.19492697716,1.23691821098,1.32197189331,1.74849581718
1.20797991753,1.17313694954,1.23863887787,1.33645510674,1.71812200546
1.2244489193,1.2287311554,1.21468997002,1.32552695274,1.74281287193
1.18448185921,1.16112089157,1.24219989777,1.34294390678,1.73492884636
1.24486494064,1.19543194771,1.20838189125,1.33821201324,1.73052787781
1.20616316795,1.19369888306,1.27093410492,1.30360007286,1.71274900436
1.1872241497,1.17562603951,1.22630000114,1.35008215904,1.74645113945
1.20976209641,1.19627785683,1.25014996529,1.30821704865,1.71567583084
1.23058104515,1.18121695518,1.21033501625,1.3725669384,1.75014400482
1.20382118225,1.2169110775,1.21410918236,1.32139515877,1.74139595032
1.21787810326,1.20217609406,1.24318289757,1.30644607544,1.73531413078
1.22547292709,1.17533493042,1.21064400673,1.33936786652,1.71258592606
1.19031786919,1.21572899818,1.25871300697,1.33024001122,1.74845099449
1.2509469986,1.16270494461,1.23721790314,1.31110191345,1.72769594193
1.20666003227,1.2109541893,1.23629784584,1.35925102234,1.73471808434
1.20953702927,1.19948291779,1.21254396439,1.31145691872,1.73590016365
1.21352601051,1.17571496964,1.23517107964,1.35724592209,1.73492598534
1.23421502113,1.20332694054,1.24465608597,1.3172249794,1.71743607521
1.19044399261,1.19533395767,1.21326303482,1.31695795059,1.75109887123
1.25001096725,1.22726297379,1.23453497887,1.37164497375,1.7257630825
1.18844914436,1.20050001144,1.22609996796,1.33651185036,1.74467015266
1.23563313484,1.16953492165,1.21866297722,1.31175398827,1.72956705093
1.21443295479,1.23305296898,1.22384881973,1.34023404121,1.73056983948
1.18508195877,1.17235302925,1.24850201607,1.3704431057,1.71569299698
1.24305510521,1.22022891045,1.23358917236,1.35416507721,1.74907898903
1.21249699593,1.2100110054,1.23075890541,1.32008600235,1.72341108322
1.22112798691,1.17628383636,1.23010993004,1.38365387917,1.74235892296
1.18994092941,1.19090986252,1.22192406654,1.3107278347,1.74187278748
1.25569581985,1.20699286461,1.28225803375,1.33477902412,1.7342209816
1.19317102432,1.21240711212,1.19841885567,1.35349583626,1.71947693825
1.22308015823,1.20363998413,1.24520802498,1.3542637825,1.74910020828
1.2265150547,1.18266010284,1.21526789665,1.32256507874,1.72411108017
1.20468115807,1.24154615402,1.24240803719,1.37977981567,1.7433359623
1.19023108482,1.17368197441,1.21877098083,1.32978105545,1.74502110481
1.20121312141,1.20372700691,1.18506908417,1.30782198906,1.76372599602
1.1566798687,1.1644859314,1.21476197243,1.35334014893,1.79605293274
1.18854379654,1.20015406609,1.20152521133,1.32268810272,1.78896284103
1.1975209713,1.2085340023,1.21517801285,1.31465291977,1.83209514618
1.16770911217,1.1750729084,1.247164011,1.36113500595,1.76776003838
1.22492814064,1.18376708031,1.18309903145,1.33348989487,1.80157709122
1.19400787354,1.18662309647,1.22024893761,1.31339597702,1.78141403198
1.18672990799,1.19994807243,1.20034813881,1.35469913483,1.8284330368
1.17731690407,1.18926501274,1.21401000023,1.3289000988,1.75728702545
1.21424102783,1.17432999611,1.25379014015,1.30670905113,1.80127596855
1.15618610382,1.21965694427,1.18475198746,1.34580588341,1.78219413757
1.21796798706,1.16481208801,1.21527791023,1.31425213814,1.83510494232
1.14999389648,1.18804502487,1.19115495682,1.33107209206,1.7599709034
1.18432593346,1.17237210274,1.21173787117,1.3570599556,1.79782700539
1.19716715813,1.19659495354,1.24042201042,1.31009197235,1.78511786461
1.17969489098,1.2109708786,1.19062399864,1.32761502266,1.83064198494
1.21997499466,1.16965913773,1.21699595451,1.34583592415,1.76601791382
1.18789601326,1.18580198288,1.21988582611,1.3206050396,1.80453205109
1.17039108276,1.19663500786,1.18578100204,1.34999585152,1.7908000946
1.20671606064,1.19215703011,1.22221803665,1.33976793289,1.83383893967
1.19006299973,1.19054889679,1.22026610374,1.34482312202,1.7717089653
1.17558383942,1.17188000679,1.23566293716,1.32355189323,1.80263590813
1.19483780861,1.21851181984,1.21903705597,1.37568211555,1.8169939518
1.16531896591,1.17681598663,1.18573999405,1.30677700043,1.7671880722
1.2132461071,1.20326805115,1.1915140152,1.31812095642,1.81194400787
1.15890717506,1.17789697647,1.2610449791,1.34454202652,1.80975604057
1.19099712372,1.19817495346,1.18301892281,1.33566403389,1.77313017845
1.20716094971,1.21269011497,1.19555687904,1.36228704453,1.83458209038
1.18416690826,1.16098690033,1.23493885994,1.31356787682,1.7980120182
1.16595506668,1.19237589836,1.19373679161,1.34640884399,1.76837897301
1.19669508934,1.21275615692,1.19300580025,1.35845398903,1.82645606995
1.20632505417,1.21230506897,1.24676179886,1.31653118134,1.78148007393
1.17037200928,1.17632889748,1.2112660408,1.34596085548,1.8255610466
1.2149720192,1.18174099922,1.18827795982,1.33561301231,1.79829001427
1.15202093124,1.23110508919,1.23583292961,1.32483386993,1.78162193298
1.22022604942,1.1847410202,1.18232798576,1.38361620903,1.8497800827
1.16171693802,1.19686293602,1.25891113281,1.34539985657,1.81143712997
1.2221930027,1.19942903519,1.18772792816,1.33801388741,1.81213498116
1.16374492645,1.20521688461,1.23157191277,1.34198212624,1.78175902367
1.19676113129,1.18848800659,1.18224310875,1.32688689232,1.72559094429
1.14561009407,1.17098617554,1.18711495399,1.33641719818,1.77272319794
1.17706084251,1.19773101807,1.20279383659,1.37991404533,1.71449899673
1.18386387825,1.20123100281,1.21689009666,1.34982013702,1.76997709274
1.16745996475,1.15998005867,1.15973114967,1.34026789665,1.75119805336
1.21174812317,1.18067288399,1.22218894958,1.37073111534,1.73006105423
1.17064213753,1.19854593277,1.16596984863,1.32638692856,1.76009297371
1.16631102562,1.19129014015,1.1813750267,1.39069914818,1.74714398384
1.16376590729,1.18300914764,1.18614721298,1.34908509254,1.72525215149
1.17981004715,1.16918492317,1.20458507538,1.33585095406,1.78267884254
1.14003181458,1.20788598061,1.21241211891,1.34584307671,1.72191286087
1.20849490166,1.16772890091,1.16574597359,1.39045405388,1.78068995476
1.142100811,1.19483304024,1.23275613785,1.35451698303,1.75101113319
1.16648507118,1.16339111328,1.17047190666,1.35121107101,1.75799608231
1.16988396645,1.2068400383,1.17814803123,1.36800098419,1.71022391319
1.16830897331,1.1995100975,1.19159603119,1.32730507851,1.76821494102
1.20694303513,1.17185711861,1.19963407516,1.39166903496,1.72202301025
1.17887997627,1.17704486847,1.20502305031,1.34115004539,1.78085803986
1.15952205658,1.18471479416,1.17031002045,1.32885408401,1.74247312546
1.18292117119,1.19070291519,1.21984386444,1.35496902466,1.71535396576
1.18874597549,1.18588685989,1.20155405998,1.40071511269,1.74540114403
1.15749001503,1.17068505287,1.1609711647,1.35588097572,1.7442278862
1.18724608421,1.22202110291,1.18845891953,1.35522007942,1.7227370739
1.15345597267,1.162099123,1.20062398911,1.36150598526,1.784938097
1.20613288879,1.19697618484,1.20603990555,1.33220791817,1.70488405228
1.15895485878,1.17284703255,1.19926595688,1.39721798897,1.76831007004
1.17710900307,1.20333600044,1.18370008469,1.34598898888,1.71788191795
1.19707298279,1.20196390152,1.19687509537,1.34579014778,1.77993798256
1.17317509651,1.16911578178,1.16860198975,1.35540699959,1.71360492706
1.15814900398,1.19782495499,1.19152283669,1.39646410942,1.74741792679
1.18044090271,1.20377016068,1.20676994324,1.36012911797,1.71824479103
1.20314288139,1.20626401901,1.20144414902,1.34786009789,1.773832798
1.17189192772,1.16422700882,1.19807100296,1.37453007698,1.71478796005
1.20381903648,1.18496394157,1.17738103867,1.32972598076,1.73865795135
1.15155315399,1.22821521759,1.20322394371,1.35456609726,1.75816488266
1.20405006409,1.17849802971,1.16711497307,1.41434907913,1.7535610199
1.15634799004,1.19004297256,1.17953419685,1.33492708206,1.76852679253
1.21316599846,1.19557499886,1.21497702599,1.36525607109,1.75979495049
1.14752411842,1.1887550354,1.21106600761,1.37720990181,1.75341200829
1.20992898941,1.15578603745,1.22145295143,1.30173587799,1.78416895866
1.2310988903,1.19610095024,1.27151894569,1.31218409538,1.76456785202
1.22972989082,1.18708395958,1.24943804741,1.27739095688,1.81019496918
1.21705889702,1.1641190052,1.2341029644,1.32957482338,1.77761507034
1.27733492851,1.2154250145,1.21232414246,1.27899098396,1.7511818409
1.23198413849,1.1633439064,1.26145100594,1.32019305229,1.8023660183
1.2183470726,1.16416311264,1.21558213234,1.30304288864,1.76857185364
1.22792220116,1.23768901825,1.27206707001,1.30533504486,1.79176878929
1.24302601814,1.15920114517,1.21272706985,1.30636501312,1.75454688072
1.21430110931,1.19272899628,1.21750807762,1.31247186661,1.7833571434
1.25980710983,1.19292116165,1.27089190483,1.28357696533,1.78026604652
1.20011115074,1.15796208382,1.25058412552,1.33386087418,1.75841498375
1.22868204117,1.21963000298,1.22878408432,1.28179979324,1.79067802429
1.23495697975,1.15786290169,1.21584796906,1.32172298431,1.78583288193
1.23824310303,1.16406011581,1.26356101036,1.29099488258,1.77219700813
1.21042203903,1.22845697403,1.21087694168,1.30168795586,1.79265999794
1.26191997528,1.15141010284,1.27287912369,1.30200505257,1.75079798698
1.23046517372,1.18352413177,1.21162009239,1.31547904015,1.80929398537
1.21662306786,1.19146490097,1.2229321003,1.28067994118,1.77048492432
1.23901700974,1.16042685509,1.26718997955,1.33863019943,1.75939106941
1.24354600906,1.22227787971,1.25108289719,1.27197980881,1.80447506905
1.22008681297,1.15309619904,1.22635698318,1.32247185707,1.75489091873
1.24809098244,1.16530990601,1.20462012291,1.3010840416,1.81791591644
1.19557404518,1.23315501213,1.26292991638,1.30506205559,1.75327801704
1.24477887154,1.1520049572,1.20470190048,1.30479478836,1.7884581089
1.20355892181,1.1991341114,1.2652130127,1.31893587112,1.76365709305
1.22929501534,1.16319298744,1.20992922783,1.28215718269,1.81449389458
1.25208592415,1.22178983688,1.23592305183,1.3387169838,1.77744412422
1.21745300293,1.1532599926,1.2562379837,1.26429796219,1.75449204445
1.20635294914,1.20826005936,1.21323394775,1.32923412323,1.80968308449
1.23569893837,1.19085407257,1.23369693756,1.30345392227,1.7835919857
1.24527001381,1.17760705948,1.23155713081,1.30521082878,1.79740905762
1.21234989166,1.16356420517,1.24194693565,1.31244111061,1.7526819706
1.27249789238,1.20960187912,1.260201931,1.31626701355,1.79177093506
1.20179891586,1.16164684296,1.21046805382,1.27585220337,1.78554701805
1.26786994934,1.20038485527,1.27787899971,1.3429210186,1.76563000679
1.20676708221,1.15954303741,1.21292185783,1.27363801003,1.79303193092
1.26683497429,1.21761798859,1.248057127,1.3277349472,1.76806402206
1.21059298515,1.20194506645,1.21389293671,1.31027007103,1.79491996765
1.19105505943,1.22632193565,1.29072499275,1.31553721428,1.64066195488
1.15212202072,1.21789288521,1.27886414528,1.3121778965,1.66024422646
1.1762919426,1.21815896034,1.24519896507,1.31129598618,1.65060806274
1.17463898659,1.21646690369,1.28506708145,1.32801389694,1.65514683723
1.17086100578,1.21264600754,1.29523897171,1.28577899933,1.64752602577
1.20635509491,1.22282600403,1.29096603394,1.34159588814,1.66953396797
1.17945194244,1.21729803085,1.24316883087,1.32217717171,1.64392209053
1.17544317245,1.21995186806,1.28252387047,1.2804069519,1.66360211372
1.17131710052,1.21619105339,1.29742002487,1.30440688133,1.64310789108
1.18696784973,1.22150492668,1.28833198547,1.29808187485,1.65559411049
1.14986586571,1.21703195572,1.25079894066,1.30596208572,1.65234303474
1.21233797073,1.22031402588,1.27959108353,1.30225992203,1.65878200531
1.15669417381,1.21530103683,1.29613900185,1.30359101295,1.64802289009
1.18360710144,1.21515893936,1.28854799271,1.31511092186,1.67082285881
1.1822271347,1.21096301079,1.25177598,1.35597014427,1.6448059082
1.16650891304,1.22277498245,1.28708791733,1.28703713417,1.66795897484
1.21736598015,1.20668196678,1.29325890541,1.30162000656,1.64943194389
1.19001793861,1.22490310669,1.28998398781,1.34923505783,1.66072893143
1.17986106873,1.25479412079,1.24283194542,1.33043193817,1.66357398033
1.20261001587,1.20787787437,1.28224015236,1.31127119064,1.63689899445
1.19712495804,1.20873785019,1.2959010601,1.33007097244,1.69100999832
1.19014692307,1.27281188965,1.28064703941,1.29418611526,1.65989208221
1.19526195526,1.21014404297,1.2434399128,1.3060438633,1.65063095093
1.15666818619,1.23509097099,1.28594899178,1.31754302979,1.65146112442
1.21883893013,1.24326610565,1.29841899872,1.35891795158,1.65896105766
1.15795993805,1.2331840992,1.29265499115,1.32527709007,1.65499806404
1.19305419922,1.21185803413,1.25594997406,1.32197904587,1.68338012695
1.20253396034,1.27530312538,1.28608989716,1.29208493233,1.67963290215
1.17134404182,1.23215007782,1.29844594002,1.3499341011,1.64743900299
1.15922379494,1.21296191216,1.28314805031,1.316655159,1.70010590553
1.19768285751,1.25655293465,1.24760699272,1.29876899719,1.69929695129
1.19746685028,1.23558211327,1.27949595451,1.35720396042,1.6588280201
1.15637087822,1.21046996117,1.29567098618,1.27950906754,1.71029305458
1.21088290215,1.25848984718,1.2678668499,1.33627486229,1.64890003204
1.15651702881,1.23147988319,1.29022598267,1.32803106308,1.68778705597
1.20873212814,1.21085715294,1.23981809616,1.33135819435,1.6971180439
1.15986800194,1.27671694756,1.28231191635,1.28991603851,1.69084000587
1.22292804718,1.22794604301,1.29700922966,1.35396409035,1.7044839859
1.15624904633,1.24521493912,1.27749490738,1.31299591064,1.70092701912
1.18315410614,1.16435098648,1.23040509224,1.34894990921,1.75686907768
1.14814996719,1.15442681313,1.2029440403,1.3215379715,1.71657896042
1.17999482155,1.2038090229,1.2364718914,1.34568500519,1.74194002151
1.18556284904,1.15658783913,1.23835706711,1.30627703667,1.75662684441
1.16925883293,1.17554688454,1.20633006096,1.33990812302,1.75000810623
1.20822286606,1.14372706413,1.21693706512,1.31655883789,1.72803807259
1.18015098572,1.2098031044,1.21089696884,1.32995891571,1.7186460495
1.15499210358,1.15957903862,1.2188949585,1.34326887131,1.7451570034
1.16867303848,1.17346906662,1.2019071579,1.33967089653,1.73170995712
1.19702601433,1.15429496765,1.23837304115,1.34815406799,1.75558686256
1.15984106064,1.20356607437,1.23326897621,1.36305403709,1.71384811401
1.21653604507,1.16132712364,1.23495793343,1.33901000023,1.74452710152
1.15878295898,1.16662406921,1.20619511604,1.3544819355,1.71369194984
1.1840569973,1.13773393631,1.23025989532,1.30472612381,1.74488401413
1.19316196442,1.19834399223,1.22634387016,1.33580207825,1.75304293633
1.17229604721,1.15004396439,1.24419689178,1.32126688957,1.74665594101
1.21473479271,1.16544795036,1.20256495476,1.32873606682,1.72549104691
1.1832010746,1.13959789276,1.2371070385,1.33940410614,1.71101021767
1.16879010201,1.20079898834,1.21077609062,1.34369587898,1.74758005142
1.18403100967,1.16276597977,1.23725581169,1.34625291824,1.73079586029
1.1920940876,1.16512989998,1.24317097664,1.35580205917,1.74689984322
1.16873002052,1.14374399185,1.19240903854,1.32925796509,1.71064305305
1.18436717987,1.20147609711,1.26449203491,1.35552000999,1.75695919991
1.15373897552,1.15360093117,1.19945812225,1.31471800804,1.71513390541
1.21329188347,1.15875482559,1.20309209824,1.34564995766,1.75229310989
1.14869594574,1.14596319199,1.24121189117,1.32439208031,1.7551920414
1.1846549511,1.20003700256,1.22938799858,1.32752799988,1.7427520752
1.19712090492,1.13814687729,1.21424984932,1.33862400055,1.70656490326
1.18524718285,1.14689993858,1.24672603607,1.34300613403,1.77117991447
1.16106510162,1.17298007011,1.22709989548,1.34971404076,1.72120308876
1.20202302933,1.18996500969,1.24771213531,1.32456493378,1.74400401115
1.2044479847,1.13792920113,1.2038860321,1.364590168,1.71041798592
1.15947008133,1.17729783058,1.22654795647,1.31993484497,1.76179814339
1.21946501732,1.17682385445,1.24665999413,1.33401107788,1.71159601212
1.15478897095,1.1575717926,1.2115881443,1.35243797302,1.78287196159
1.20662283897,1.17546796799,1.22833991051,1.35890507698,1.72047710419
1.16580605507,1.19530105591,1.23138284683,1.3425951004,1.72641897202
1.22242808342,1.1584751606,1.25040197372,1.33486294746,1.7785680294
1.1615691185,1.16459202766,1.25756502151,1.34953904152,1.74944996834
1.1595761776,1.19903087616,1.1995241642,1.32334303856,1.7641620636
1.20850992203,1.17905592918,1.1939868927,1.33157515526,1.72040605545
1.15657877922,1.20173406601,1.2065410614,1.37853002548,1.78139901161
1.21872401237,1.21183204651,1.21922516823,1.35160708427,1.72095513344
1.15643715858,1.17520594597,1.20358800888,1.33878803253,1.7637488842
1.20959591866,1.17954516411,1.21792292595,1.35369610786,1.7235519886
1.15840792656,1.19266891479,1.19615387917,1.32121300697,1.77872991562
1.23018813133,1.18773198128,1.205960989,1.37591314316,1.71105909348
1.18009400368,1.18581008911,1.17964577675,1.33435702324,1.75975799561
1.17417788506,1.17420101166,1.22711896896,1.33585500717,1.72482895851
1.17964506149,1.22678494453,1.16939902306,1.33493494987,1.78433895111
1.18841099739,1.16939711571,1.18788003922,1.38167905807,1.72017908096
1.19377303123,1.20187997818,1.21912407875,1.34910917282,1.76333403587
1.16387605667,1.18388485909,1.20800995827,1.33291292191,1.71891093254
1.22233080864,1.20953989029,1.19108390808,1.36771702766,1.7785410881
1.16666007042,1.22210216522,1.19798994064,1.32546901703,1.7088868618
1.17142391205,1.18297505379,1.24143910408,1.37017393112,1.76145291328
1.202657938,1.18431305885,1.1832010746,1.33307909966,1.71888494492
1.18193793297,1.20299696922,1.21749711037,1.33235096931,1.78395795822
1.1597340107,1.21302700043,1.18583703041,1.33919000626,1.71215200424
1.18763303757,1.19494581223,1.20107889175,1.38460803032,1.7640171051
1.19514584541,1.17798900604,1.17885780334,1.35859584808,1.72260689735
1.19254088402,1.22060203552,1.21867394447,1.33555698395,1.78418707848
1.16157102585,1.17066717148,1.18511605263,1.36193680763,1.745677948
1.21039485931,1.20381093025,1.21590018272,1.32237291336,1.72253489494
1.15566682816,1.17886590958,1.22735691071,1.38367795944,1.73751306534
1.21581292152,1.21055412292,1.21494603157,1.34962081909,1.75357508659
1.15957808495,1.21156716347,1.20474100113,1.32382392883,1.74624109268
1.2007920742,1.1787109375,1.1765730381,1.33743596077,1.72292804718
1.16102910042,1.20086598396,1.24161100388,1.38734292984,1.75853490829
1.2236700058,1.21818900108,1.18999791145,1.35531115532,1.72934913635
1.15696287155,1.20936107635,1.24620914459,1.34860301018,1.79636001587
1.20469498634,1.18085622787,1.19934105873,1.37136507034,1.75215005875
1.16568899155,1.19357204437,1.21272611618,1.32561802864,1.73559498787
1.20116090775,1.24048709869,1.1906850338,1.34395503998,1.76027178764
1.20806598663,1.19807887077,1.21389698982,1.39803695679,1.75725603104
1.17125296593,1.20592403412,1.2158010006,1.32772994041,1.75436282158
1.20832800865,1.21006798744,1.20299887657,1.35188007355,1.73432588577
1.21416497231,1.19631290436,1.22164320946,1.3712439537,1.77283096313
1.22913122177,1.19545984268,1.23517894745,1.3236579895,1.69483590126
1.1953599453,1.17271900177,1.24631094933,1.30072903633,1.69578099251
1.22190499306,1.16760087013,1.24789786339,1.308770895,1.70294380188
1.21319794655,1.20916986465,1.2408080101,1.32040596008,1.70436191559
1.20152783394,1.15568995476,1.25443601608,1.29102396965,1.70261406898
1.24100589752,1.18578791618,1.24201011658,1.34688806534,1.67499804497
1.22783184052,1.19696593285,1.23495006561,1.28654408455,1.69617915154
1.20758891106,1.18210411072,1.24483895302,1.29968690872,1.70581889153
1.20540499687,1.1810259819,1.23983883858,1.31288003922,1.70177006721
1.23288297653,1.16067004204,1.23963904381,1.30192899704,1.69428896904
1.18753385544,1.19336605072,1.24930906296,1.35391879082,1.68594002724
1.23700284958,1.17964792252,1.23873496056,1.3374569416,1.7082118988
1.18191289902,1.16676902771,1.23594689369,1.31407213211,1.70354199409
1.21396207809,1.22011685371,1.28734397888,1.32024788857,1.66110301018
1.23194909096,1.18068003654,1.22275710106,1.3222630024,1.72699713707
1.21254301071,1.19946193695,1.27749609947,1.30050992966,1.68981003761
1.2491941452,1.18312001228,1.2424249649,1.35659909248,1.70930504799
1.2281088829,1.1637878418,1.24711799622,1.282351017,1.67000699043
1.2021818161,1.22438001633,1.24765586853,1.29665803909,1.73911094666
1.2268140316,1.1612098217,1.22572183609,1.33181500435,1.7081182003
1.23178100586,1.18635797501,1.23460102081,1.30268120766,1.66945004463
1.21177983284,1.19980692863,1.25846290588,1.34883093834,1.72016692162
1.22858691216,1.18573188782,1.25061488152,1.32959508896,1.67472100258
1.18994379044,1.19200086594,1.23275303841,1.31593704224,1.73810005188
1.24632406235,1.16206884384,1.23955583572,1.31837105751,1.69911813736
1.201390028,1.19305300713,1.24609899521,1.32993507385,1.67408704758
1.23339390755,1.19592905045,1.27713108063,1.29588794708,1.72079491615
1.24135112762,1.16892194748,1.26654291153,1.33103919029,1.67905020714
1.21225500107,1.21985197067,1.24667215347,1.30554103851,1.73985004425
1.19299817085,1.19188594818,1.26566290855,1.30483293533,1.7047829628
1.22616195679,1.21259021759,1.24762797356,1.30906200409,1.6746199131
1.23990416527,1.19093799591,1.26137495041,1.32228708267,1.73332881927
1.19580817223,1.16883611679,1.23529601097,1.32675504684,1.68886423111
1.25970411301,1.22275495529,1.24281215668,1.34034395218,1.74554300308
1.20333194733,1.16837096214,1.27530002594,1.33437919617,1.71541786194
1.24586105347,1.21434807777,1.27055096626,1.31059885025,1.7137567997
1.19230890274,1.19391107559,1.22708296776,1.30105900764,1.69995498657
1.24865484238,1.20627999306,1.23638105392,1.34871983528,1.70699095726
1.1841108799,1.1854929924,1.29593896866,1.31568384171,1.68690109253
1.19219684601,1.16523003578,1.2397480011,1.3113360405,1.77752709389
1.15689706802,1.13638114929,1.21457386017,1.33176803589,1.77992796898
1.19496107101,1.16652393341,1.23299598694,1.2900159359,1.74172997475
1.17975902557,1.18248796463,1.24425601959,1.33259105682,1.81282711029
1.1716401577,1.14817810059,1.21127796173,1.31868696213,1.77158689499
1.21004605293,1.14999508858,1.23847699165,1.29642987251,1.78172683716
1.18238711357,1.16705298424,1.23576998711,1.34261512756,1.74173283577
1.1728849411,1.16474795341,1.21206879616,1.29071092606,1.80487108231
1.17230796814,1.15628814697,1.23480391502,1.32407307625,1.78263998032
1.19923400879,1.13541603088,1.21000099182,1.33137011528,1.78010487556
1.16035199165,1.18811011314,1.26758909225,1.3228828907,1.74054408073
1.21271896362,1.13887286186,1.22725510597,1.29204201698,1.80544900894
1.15846204758,1.16510915756,1.24626803398,1.34891796112,1.77932715416
1.179240942,1.1387732029,1.20613503456,1.2956969738,1.7779519558
1.1899998188,1.17721891403,1.20954298973,1.30439901352,1.74766397476
1.16846895218,1.18309116364,1.2444729805,1.34204387665,1.80679988861
1.21637201309,1.14028310776,1.21436285973,1.29761314392,1.77823400497
1.1954870224,1.1498439312,1.2647819519,1.35475111008,1.78397393227
1.17159104347,1.16532707214,1.23161792755,1.29141688347,1.74062108994
1.19180297852,1.17194008827,1.22961187363,1.31210303307,1.80982494354
1.18922495842,1.16224503517,1.20789599419,1.29607415199,1.77624988556
1.16461086273,1.14359307289,1.23302507401,1.31078386307,1.78284597397
1.18862700462,1.18469715118,1.22988414764,1.3227660656,1.74737596512
1.16224908829,1.1428129673,1.21554303169,1.3576540947,1.81142497063
1.20908594131,1.16998410225,1.24174809456,1.32800292969,1.76566314697
1.15532588959,1.14259600639,1.23839402199,1.29112696648,1.75769305229
1.1942949295,1.17020702362,1.21818208694,1.35206508636,1.78208994865
1.20585799217,1.17807507515,1.22085809708,1.29016900063,1.77738618851
1.18882703781,1.14372897148,1.23406100273,1.30157709122,1.76053404808
1.16606402397,1.15949296951,1.22682404518,1.32701086998,1.783192873
1.18791294098,1.18321704865,1.23824000359,1.2990758419,1.79706788063
1.19979810715,1.1790099144,1.22712087631,1.33127713203,1.75288701057
1.1679110527,1.13333916664,1.2192029953,1.31030297279,1.80045390129
1.23253512383,1.14520406723,1.27988386154,1.33122801781,1.77766704559
1.15413713455,1.20095705986,1.20567989349,1.33561491966,1.76894211769
1.20777893066,1.15751504898,1.23538398743,1.33327507973,1.77768516541
1.1628279686,1.17300701141,1.20877885818,1.29575204849,1.78357791901
1.22912311554,1.16774988174,1.24233984947,1.32656097412,1.79358315468
1.17105412483,1.16895890236,1.21605706215,1.30978393555,1.77926707268
1.18880414963,1.20023584366,1.25544714928,1.34187889099,1.70885396004
1.14707803726,1.1793589592,1.24131298065,1.39680719376,1.73718905449
1.17538404465,1.20817303658,1.24813318253,1.35096287727,1.73403501511
1.17185115814,1.22007799149,1.29629302025,1.34585499763,1.69265413284
1.16251111031,1.17841887474,1.22622489929,1.34550786018,1.74754405022
1.20749402046,1.19684100151,1.27065515518,1.37677979469,1.71219491959
1.17307090759,1.20377397537,1.23953294754,1.35410284996,1.74177908897
1.17462515831,1.20945811272,1.28350615501,1.36563396454,1.74100804329
1.16812515259,1.20534706116,1.25070309639,1.36716008186,1.70122599602
1.18928313255,1.17119193077,1.2560479641,1.3396730423,1.75010204315
1.1567709446,1.22980690002,1.22836613655,1.40527796745,1.7135488987
1.21305894852,1.17525315285,1.24835300446,1.35354495049,1.74309515953
1.15088319778,1.21020388603,1.23760700226,1.34071207047,1.74283504486
1.17690491676,1.18064689636,1.24166607857,1.38263702393,1.70281195641
1.16098690033,1.2139339447,1.2311770916,1.34859204292,1.76533102989
1.1608479023,1.21587204933,1.23929309845,1.33705496788,1.71507501602
1.20839285851,1.17544078827,1.27807307243,1.37941408157,1.74475908279
1.18554592133,1.19685983658,1.2326259613,1.35790705681,1.73508691788
1.1750831604,1.2084197998,1.25087189674,1.38859605789,1.71406292915
1.1849770546,1.19965600967,1.26897597313,1.37124204636,1.76657509804
1.18714904785,1.208548069,1.22737693787,1.37576389313,1.72473597527
1.18335199356,1.17749500275,1.29240512848,1.34341216087,1.75093817711
1.18814206123,1.2233710289,1.2188141346,1.4019138813,1.74852585793
1.1604681015,1.17368721962,1.25844287872,1.33756613731,1.71461176872
1.2001991272,1.21180891991,1.24500584602,1.3617811203,1.78335499763
1.16058802605,1.1793358326,1.28475308418,1.3724629879,1.73520088196
1.19568777084,1.21122789383,1.26932907104,1.36640286446,1.76351213455
1.19999289513,1.21680593491,1.24929714203,1.38796281815,1.76320695877
1.17597579956,1.19128417969,1.23854589462,1.34120678902,1.72113394737
1.16108012199,1.20981097221,1.25357484818,1.36954092979,1.78981804848
1.19849205017,1.2192800045,1.28976202011,1.38622498512,1.74676704407
1.19424104691,1.22298288345,1.25166106224,1.34885907173,1.76800298691
1.16440606117,1.18110990524,1.22985506058,1.37729501724,1.76318407059
1.22254395485,1.20060110092,1.25737190247,1.37553310394,1.72690701485
1.15551900864,1.24675107002,1.27088999748,1.35484194756,1.78827309608
1.20473599434,1.19035506248,1.25053691864,1.40542078018,1.73563098907
1.16533398628,1.20599412918,1.23704910278,1.37558984756,1.76266694069
1.21221089363,1.20491600037,1.24531412125,1.36177206039,1.7688190937
1.16628098488,1.20316195488,1.28473091125,1.38075017929,1.76056194305
1.17720293999,1.18758893013,1.20282316208,1.3076198101,1.71284103394
1.16674399376,1.15239095688,1.25445604324,1.36436915398,1.75610184669
1.18172192574,1.15907716751,1.1978020668,1.30613803864,1.73148679733
1.18296694756,1.18441987038,1.24562096596,1.3664829731,1.70328879356
1.19156694412,1.17730689049,1.22152113914,1.31769704819,1.76470899582
1.16367697716,1.16834211349,1.20092105865,1.36864209175,1.73368287086
1.2190489769,1.16330504417,1.24353909492,1.31747603416,1.70639014244
1.17949295044,1.21254587173,1.21104192734,1.36794400215,1.75771307945
1.18250513077,1.18842792511,1.23324894905,1.31010198593,1.72498488426
1.18320417404,1.17116308212,1.21104288101,1.37200212479,1.70711398125
1.19461393356,1.15704607964,1.2299618721,1.31203889847,1.76187109947
1.18660593033,1.15822100639,1.24370408058,1.37145400047,1.72769713402
1.18882083893,1.22291493416,1.23455309868,1.3150780201,1.7095708847
1.18788385391,1.15638494492,1.23608613014,1.3704199791,1.76978516579
1.16798210144,1.16750788689,1.21821904182,1.31065893173,1.73529887199
1.16157007217,1.17422103882,1.22215199471,1.36870098114,1.7068259716
1.2075150013,1.18538594246,1.22990608215,1.31528186798,1.76362204552
1.19151687622,1.18255710602,1.21956801414,1.3732380867,1.73040390015
1.1807141304,1.18471097946,1.23898386955,1.31291007996,1.71104717255
1.19318413734,1.15657520294,1.19795393944,1.37058806419,1.76614189148
1.17395210266,1.18028402328,1.22768902779,1.31466388702,1.7454969883
1.21054387093,1.18867707253,1.24774813652,1.37594294548,1.70659780502
1.2010679245,1.1537501812,1.19971585274,1.31738996506,1.7662358284
1.18257904053,1.20936107635,1.25627398491,1.37328696251,1.73647284508
1.17756390572,1.17955088615,1.21501398087,1.31836700439,1.7132999897
1.19856190681,1.18067789078,1.21046090126,1.37148189545,1.76836204529
1.19132304192,1.20470881462,1.21517014503,1.31985211372,1.73325991631
1.19548797607,1.19252085686,1.21794986725,1.37467193604,1.70460104942
1.16545414925,1.18317699432,1.23558187485,1.32065296173,1.76452803612
1.20690608025,1.15512704849,1.24669003487,1.3749730587,1.7411711216
1.18507194519,1.20343112946,1.19425916672,1.31196093559,1.71670103073
1.19955897331,1.16341495514,1.25849795341,1.37940692902,1.78409409523
1.16684603691,1.18815994263,1.20069313049,1.31172084808,1.75622105598
1.2181198597,1.20213913918,1.19839215279,1.34432196617,1.71499180794
1.15340089798,1.15424895287,1.2206568718,1.34283900261,1.77627587318
1.22412586212,1.18861794472,1.23148298264,1.34257411957,1.75543999672
1.16247701645,1.19818902016,1.24393105507,1.35120582581,1.72320389748
1.22886800766,1.18472599983,1.20406794548,1.36231589317,1.77530407906
1.19886207581,1.20646905899,1.22818803787,1.3219370842,1.71777796745
1.18361186981,1.19104599953,1.19787597656,1.35493612289,1.72869420052
1.14913988113,1.17146992683,1.21132993698,1.33245205879,1.70743298531
1.16556787491,1.19561314583,1.22455000877,1.38685297966,1.74069190025
1.17430281639,1.20880508423,1.22920393944,1.35257601738,1.74098086357
1.16152691841,1.17125511169,1.18790507317,1.33931088448,1.70315599442
1.19809699059,1.18866205215,1.24626207352,1.35971498489,1.75904798508
1.17882204056,1.19422292709,1.18542194366,1.32962918282,1.71117401123
1.15658092499,1.19267201424,1.20074081421,1.38373208046,1.73009991646
1.15771698952,1.19120812416,1.21261191368,1.33373904228,1.73967909813
1.18099212646,1.16781306267,1.22154998779,1.34352397919,1.71191692352
1.15307497978,1.2226190567,1.23440098763,1.34624004364,1.72702407837
1.2053539753,1.16215109825,1.18653893471,1.38805413246,1.75108289719
1.1523001194,1.19977903366,1.24601101875,1.35275888443,1.74897313118
1.17870593071,1.17301607132,1.18838906288,1.33637619019,1.7480969429
1.17500090599,1.20541715622,1.19986414909,1.36074495316,1.74528312683
1.16683292389,1.20740509033,1.2044968605,1.32466506958,1.72248101234
1.20663905144,1.17434597015,1.2221429348,1.38306999207,1.70109605789
1.17520189285,1.1865799427,1.23564696312,1.34915995598,1.76399993896
1.17062211037,1.19751000404,1.18816399574,1.3390109539,1.72098588943
1.18773388863,1.19728589058,1.24872899055,1.34705090523,1.76779603958
1.18503689766,1.19714713097,1.21466708183,1.39185619354,1.70584702492
1.17401313782,1.17633605003,1.18316292763,1.35605096817,1.78117895126
1.19259119034,1.21338701248,1.21825098991,1.34513115883,1.73411011696
1.14293193817,1.17407393456,1.21539998055,1.36891889572,1.73967409134
1.19776391983,1.19891309738,1.22886395454,1.33597278595,1.72333502769
1.1496720314,1.17646217346,1.22427678108,1.38412189484,1.77030301094
1.19500494003,1.20253801346,1.20532488823,1.34013414383,1.78570389748
1.19287991524,1.21308588982,1.21034908295,1.33787298203,1.73321318626
1.16632199287,1.17359304428,1.19702410698,1.34341311455,1.80498290062
1.15416502953,1.19762897491,1.2170689106,1.38971400261,1.74799895287
1.18956398964,1.21763396263,1.22936201096,1.36384010315,1.76635909081
1.18741989136,1.20632004738,1.22391009331,1.35049915314,1.74802398682
1.1585521698,1.1794629097,1.22613191605,1.37023806572,1.82747387886
1.22223305702,1.19054198265,1.21067881584,1.3323559761,1.78017401695
1.15131998062,1.23021793365,1.23073887825,1.34465718269,1.76360583305
1.21238708496,1.18866086006,1.18893718719,1.39816093445,1.79895710945
1.1550590992,1.19667291641,1.20158100128,1.32523298264,1.76392197609
1.20761203766,1.19759893417,1.24088096619,1.35477399826,1.80757117271
1.15461492538,1.20251893997,1.23056697845,1.37723088264,1.77581501007
1.22465896606,1.18705201149,1.26739811897,1.31327605247,1.73779392242
1.18646192551,1.18547797203,1.21552610397,1.3271920681,1.74779009819
1.21929216385,1.2345700264,1.22592306137,1.33341097832,1.72209811211
1.21867012978,1.20318698883,1.24793100357,1.33614015579,1.72412991524
1.20933794975,1.18665409088,1.26763606071,1.34107398987,1.73715305328
1.24504590034,1.18561315536,1.23953580856,1.3592338562,1.7015311718
1.21564722061,1.23383307457,1.24442791939,1.34154486656,1.73376893997
1.20295000076,1.19802999496,1.22169303894,1.3540930748,1.71047592163
1.20808506012,1.19599413872,1.22563505173,1.30584907532,1.76051998138
1.22934508324,1.17452406883,1.27324414253,1.33939099312,1.69459486008
1.18754291534,1.23803210258,1.2614030838,1.32151699066,1.74326109886
1.24705219269,1.20502305031,1.21589684486,1.32977795601,1.73431110382
1.19000601768,1.19264316559,1.24352383614,1.3512430191,1.72808098793
1.20657014847,1.18086695671,1.26314902306,1.33878993988,1.70137286186
1.2149169445,1.24503207207,1.24329710007,1.34770607948,1.75335097313
1.19430994987,1.21162700653,1.24395918846,1.32583904266,1.72379994392
1.23906612396,1.19221401215,1.2508559227,1.36559486389,1.73752999306
1.20526599884,1.18086481094,1.21806812286,1.31973600388,1.70209908485
1.2139518261,1.23940706253,1.25437903404,1.33039116859,1.7576239109
1.22564983368,1.20474696159,1.22752714157,1.35011410713,1.70480108261
1.21736383438,1.1935172081,1.23474597931,1.32734799385,1.75203299522
1.19799590111,1.18292498589,1.24037885666,1.34783816338,1.7110350132
1.21963787079,1.23596286774,1.25025820732,1.34342503548,1.73911309242
1.18511199951,1.20791006088,1.25538706779,1.34433698654,1.73086500168
1.23259305954,1.19140291214,1.21990704536,1.32444405556,1.75048398972
1.19068908691,1.18395900726,1.27973604202,1.36602306366,1.70487380028
1.2120680809,1.23960900307,1.2357749939,1.35643196106,1.7735118866
1.23534607887,1.20150303841,1.2170791626,1.3352200985,1.71613693237
1.20081305504,1.1982178688,1.26821208,1.33876299858,1.75797510147
1.18921279907,1.18568515778,1.21689295769,1.35420203209,1.70313215256
1.2192299366,1.24434089661,1.22841906548,1.30258893967,1.7497549057
1.22810196877,1.17660093307,1.24762010574,1.32663917542,1.71411299706
1.20426607132,1.20593714714,1.25462412834,1.34753608704,1.73535394669
1.24718213081,1.19236493111,1.2367939949,1.3436729908,1.74372887611
1.18317198753,1.21301698685,1.24559211731,1.31654596329,1.7368581295
1.23882579803,1.19100093842,1.24759793282,1.36281013489,1.72241282463
1.19524383545,1.23070502281,1.23252916336,1.31780600548,1.78334712982
1.24757885933,1.20620298386,1.22717690468,1.35288190842,1.74024605751
1.18885493279,1.18290686607,1.23892092705,1.33653497696,1.71333599091
1.17635607719,1.16614079475,1.24147486687,1.33904099464,1.72390818596
1.14733290672,1.14635682106,1.21263813972,1.32300496101,1.72706890106
1.17534089088,1.15594887733,1.27930903435,1.33678007126,1.72805500031
1.16433000565,1.13781499863,1.19362401962,1.36600184441,1.72806596756
1.16193509102,1.18860888481,1.22958397865,1.33978486061,1.72417593002
1.19559216499,1.15694999695,1.24568486214,1.35674095154,1.72494220734
1.17402815819,1.16416501999,1.20928406715,1.35411214828,1.71984696388
1.16720604897,1.16252613068,1.21806383133,1.32296895981,1.72221398354
1.15948390961,1.12858891487,1.22224497795,1.38041996956,1.72973680496
1.18868494034,1.15613794327,1.24442791939,1.34618020058,1.72020077705
1.15489816666,1.15256214142,1.20753097534,1.33021903038,1.7222700119
1.21337199211,1.14043807983,1.24561500549,1.38304686546,1.72116804123
1.14841103554,1.18357300758,1.20533299446,1.35266399384,1.72532486916
1.17435002327,1.11760997772,1.26386904716,1.3425719738,1.74332308769
1.18044495583,1.16548919678,1.2232978344,1.36726593971,1.73505115509
1.16050195694,1.12869501114,1.22802996635,1.32501482964,1.7353990078
1.210283041,1.16156005859,1.20735907555,1.38329100609,1.73137187958
1.18329691887,1.15928483009,1.24203896523,1.33935117722,1.73004889488
1.16548895836,1.17662096024,1.21930909157,1.33348989487,1.7340490818
1.18111491203,1.14955615997,1.22958803177,1.34620213509,1.74838399887
1.18795895576,1.13589692116,1.23507595062,1.38726401329,1.73959612846
1.18158912659,1.1891438961,1.22861790657,1.36238694191,1.74188899994
1.19036507607,1.13902902603,1.24994087219,1.3358798027,1.74316000938
1.14869809151,1.18045210838,1.22513198853,1.36159777641,1.74260401726
1.20214700699,1.1567800045,1.21143388748,1.32636594772,1.7414560318
1.15402007103,1.16401100159,1.24045205116,1.38129997253,1.75734901428
1.19972395897,1.13818001747,1.20311713219,1.34251308441,1.75565481186
1.19991803169,1.19628310204,1.21128106117,1.3320710659,1.74825501442
1.17365288734,1.17005205154,1.21965789795,1.3463408947,1.74872398376
1.15509700775,1.17292714119,1.23594594002,1.39565706253,1.74796795845
1.18406295776,1.16043496132,1.24555110931,1.35793304443,1.76103711128
1.19320583344,1.13469815254,1.20648503304,1.34727597237,1.75619697571
1.15568614006,1.15060806274,1.26901316643,1.37466621399,1.760242939
1.20563101768,1.1568479538,1.22524404526,1.32725787163,1.74611377716
1.14598584175,1.13754701614,1.24324202538,1.34453082085,1.73353695869
1.19900488853,1.19901800156,1.19880199432,1.39343810081,1.75937509537
1.15905213356,1.12842106819,1.25422501564,1.32385206223,1.74679088593
1.22662115097,1.16196393967,1.20189189911,1.35425806046,1.76383304596
1.15417504311,1.14173197746,1.23809909821,1.37085294724,1.72080612183
1.23250794411,1.1838850975,1.22804903984,1.30857896805,1.7505300045
1.20470309258,1.19981312752,1.2399559021,1.30736899376,1.73606204987
1.22963213921,1.18913507462,1.25265598297,1.31787800789,1.76184606552
1.23275494576,1.18633413315,1.26097202301,1.27884292603,1.7178850174
1.21351099014,1.20705103874,1.21351599693,1.34443593025,1.74523305893
1.25738286972,1.16989612579,1.28165984154,1.29859781265,1.75662398338
1.22896122932,1.18271708488,1.21832990646,1.28737187386,1.71602702141
1.22060394287,1.21051287651,1.22331309319,1.31405806541,1.78300595284
1.21768116951,1.19746685028,1.24454307556,1.31565213203,1.73178195953
1.24131798744,1.17848682404,1.25414609909,1.28980398178,1.71678519249
1.1960299015,1.20461702347,1.25863814354,1.32292103767,1.76415300369
1.25398683548,1.21505689621,1.22493505478,1.29547691345,1.74984288216
1.20327186584,1.17148780823,1.28237199783,1.32488107681,1.73582100868
1.22101593018,1.18827486038,1.21853089333,1.29327917099,1.75601696968
1.23032999039,1.20008206367,1.23449516296,1.35446691513,1.75375199318
1.21793699265,1.18909502029,1.24062490463,1.28503894806,1.71842908859
1.26402211189,1.19186210632,1.25294589996,1.34173297882,1.78228998184
1.23005199432,1.20234513283,1.25968384743,1.30063819885,1.71588516235
1.2190489769,1.16803908348,1.21966791153,1.32730293274,1.77142596245
1.24115395546,1.17117500305,1.28118419647,1.28301811218,1.74874711037
1.24022293091,1.20520997047,1.25842809677,1.29377007484,1.74041390419
1.2232811451,1.18140506744,1.22659707069,1.31577301025,1.72233009338
1.24051809311,1.17019200325,1.25184297562,1.292126894,1.76312208176
1.21071815491,1.20200800896,1.25640702248,1.31574892998,1.74440097809
1.24715805054,1.2096889019,1.26515102386,1.30254006386,1.7796459198
1.19423604012,1.16526794434,1.2579741478,1.31283998489,1.76299118996
1.23721289635,1.18344092369,1.2416100502,1.29036808014,1.71844506264
1.2447040081,1.19658613205,1.25193095207,1.33969593048,1.76111888885
1.21691799164,1.19286704063,1.23530220985,1.28678107262,1.76807498932
1.20482802391,1.19091320038,1.25859999657,1.33255195618,1.71872591972
1.23944497108,1.17762494087,1.27268099785,1.28271698952,1.78061819077
1.2420809269,1.23814487457,1.25380182266,1.30120491982,1.75963401794
1.20561003685,1.16333699226,1.26343297958,1.31774997711,1.73032188416
1.26462101936,1.17774510384,1.2410569191,1.3380920887,1.78195500374
1.18723320961,1.21635293961,1.26898479462,1.28959798813,1.74697899818
1.24469304085,1.20755386353,1.2348959446,1.34186220169,1.73424887657
1.2048971653,1.20173192024,1.24857497215,1.29848098755,1.81253194809
1.2676961422,1.20721888542,1.27574801445,1.31223201752,1.74827289581
1.20940089226,1.16738510132,1.2690281868,1.35521507263,1.80116081238
1.17961120605,1.18748116493,1.20962500572,1.323802948,1.64529299736
1.19344997406,1.16095805168,1.21861696243,1.29530501366,1.68558907509
1.15606498718,1.18783092499,1.2236828804,1.35772299767,1.68960499763
1.16327190399,1.18972182274,1.2351000309,1.32532906532,1.670181036
1.17799592018,1.15598082542,1.19641494751,1.31772208214,1.65731716156
1.14850902557,1.17414188385,1.2538151741,1.33028793335,1.67580699921
1.17683911324,1.18522691727,1.19525003433,1.28779101372,1.65646886826
1.18291020393,1.1885881424,1.20851302147,1.34860897064,1.68324279785
1.15485596657,1.17314004898,1.21577811241,1.30654001236,1.68121814728
1.19928097725,1.15654301643,1.23248696327,1.29715895653,1.6470348835
1.17674803734,1.20071816444,1.23794603348,1.31224608421,1.70964097977
1.14888119698,1.15562915802,1.19606781006,1.35816907883,1.66376209259
1.20055603981,1.18847203255,1.25623083115,1.32110285759,1.64997601509
1.20381808281,1.16190600395,1.19626498222,1.30845808983,1.70824098587
1.17526102066,1.18530678749,1.20707297325,1.34021496773,1.68104982376
1.17878699303,1.20032000542,1.22407984734,1.28866791725,1.6525490284
1.1826210022,1.16861915588,1.22883892059,1.364372015,1.69674706459
1.15528583527,1.1739358902,1.24034309387,1.31745100021,1.67108106613
1.21139192581,1.18073296547,1.19860196114,1.31001901627,1.69758605957
1.15976595879,1.18410301208,1.25066018105,1.31899595261,1.66429901123
1.16504001617,1.18657207489,1.22390699387,1.36435008049,1.70799994469
1.18723797798,1.15332794189,1.18995404243,1.32784104347,1.68086981773
1.19113683701,1.19965600967,1.21796917915,1.3115029335,1.71124815941
1.1643447876,1.15045499802,1.22322392464,1.3368139267,1.66927599907
1.23023700714,1.19685292244,1.22480010986,1.29638814926,1.73865509033
1.16150093079,1.15959119797,1.22655010223,1.35997390747,1.68198990822
1.19556593895,1.19403290749,1.21049714088,1.32264900208,1.74834418297
1.19149589539,1.19998002052,1.22276806831,1.30598306656,1.68163204193
1.15972185135,1.16483807564,1.20845890045,1.3253121376,1.75345897675
1.2064409256,1.18369007111,1.23101115227,1.36109900475,1.68499994278
1.16530919075,1.19739103317,1.24191594124,1.33231806755,1.74062681198
1.19684410095,1.1789431572,1.24343514442,1.32365202904,1.71665906906
1.16848397255,1.17655110359,1.22785902023,1.34372806549,1.72267484665
1.22698807716,1.17747998238,1.21643018723,1.29844307899,1.68667697906
1.14951610565,1.21687412262,1.23914003372,1.32315897942,1.74693083763
1.19162607193,1.17758512497,1.20335793495,1.36736392975,1.68877506256
1.19686293602,1.19139003754,1.21304321289,1.29790592194,1.72979903221
1.17161297798,1.18565201759,1.24354195595,1.33614897728,1.70752906799
1.15886521339,1.18117785454,1.24186301231,1.33869314194,1.73813509941
1.19084692001,1.17385196686,1.19193601608,1.31802892685,1.7273170948
1.20963191986,1.17086601257,1.16862106323,1.32272100449,1.70828104019
1.19194602966,1.16902494431,1.19790482521,1.36992788315,1.7467238903
1.19972610474,1.17194008827,1.19009494781,1.35440778732,1.73353099823
1.19615411758,1.17089509964,1.16739296913,1.3392469883,1.72307300568
1.18100595474,1.17754793167,1.18875098228,1.31615495682,1.70236992836
1.21094822884,1.17362117767,1.19725584984,1.34987401962,1.75513195992
1.22398591042,1.17371487617,1.17221999168,1.32913088799,1.70272088051
1.16935396194,1.17379999161,1.2015838623,1.37369608879,1.72540807724
1.21562314034,1.17070198059,1.17556810379,1.34278392792,1.7267100811
1.19518303871,1.17742586136,1.22782707214,1.31672787666,1.75438690186
1.17543292046,1.168145895,1.18186211586,1.35468316078,1.71520400047
1.20504307747,1.16720914841,1.19962096214,1.3306081295,1.772397995
1.22346806526,1.16543912888,1.15634608269,1.357462883,1.71384692192
1.1991891861,1.17009592056,1.17972302437,1.31853985786,1.75764393806
1.21976804733,1.17147803307,1.19634485245,1.35071492195,1.71618509293
1.21472191811,1.16872286797,1.17179703712,1.36331295967,1.76927280426
1.18305897713,1.17344498634,1.22328019142,1.36008095741,1.71300697327
1.24211001396,1.17978096008,1.19224381447,1.31885099411,1.76495599747
1.19831800461,1.21331119537,1.19711589813,1.37689208984,1.71329689026
1.18156695366,1.15499401093,1.17008113861,1.31245613098,1.77807497978
1.20032000542,1.16678595543,1.1958758831,1.32170295715,1.71885895729
1.22089505196,1.22769379616,1.19481921196,1.358314991,1.77001714706
1.16819405556,1.15851378441,1.17128300667,1.34790897369,1.71481490135
1.24567317963,1.18262887001,1.20508503914,1.36106491089,1.7782831192
1.16756701469,1.19709801674,1.20739197731,1.31823897362,1.71946597099
1.22473096848,1.17909097672,1.18137192726,1.32282304764,1.76673316956
1.21732497215,1.16526007652,1.18433117867,1.3840610981,1.72322797775
1.17186307907,1.23280096054,1.20614910126,1.36409902573,1.77495503426
1.21315717697,1.17600798607,1.20463705063,1.345911026,1.71973109245
1.20341396332,1.19538903236,1.20291686058,1.32904696465,1.7368979454
1.21266412735,1.16627311707,1.18069601059,1.35210108757,1.76177811623
1.17562508583,1.19173693657,1.18562793732,1.3312921524,1.73690390587
1.23211717606,1.21284389496,1.23499798775,1.37410902977,1.77363991737
1.18088912964,1.16112112999,1.17289805412,1.34691596031,1.72669315338
1.20600891113,1.19168806076,1.20700097084,1.3263759613,1.77779102325
1.22200584412,1.21029520035,1.18997311592,1.36307120323,1.73778009415
1.19313001633,1.18972682953,1.21335887909,1.34603095055,1.7874519825
1.18233513832,1.2054438591,1.18375086784,1.36195611954,1.72428703308
1.19639897346,1.15036892891,1.17652392387,1.2915828228,1.69594502449
1.15260601044,1.1893029213,1.21844410896,1.31376886368,1.68791604042
1.18129992485,1.16516399384,1.209897995,1.34651517868,1.6761341095
1.1824388504,1.1719789505,1.24635601044,1.31874990463,1.69240403175
1.16518783569,1.17530798912,1.21709489822,1.30733680725,1.68834590912
1.21932291985,1.15624189377,1.229596138,1.32700586319,1.68077707291
1.1865530014,1.16620492935,1.22265291214,1.29017090797,1.70627808571
1.16154408455,1.16347122192,1.18734908104,1.33893990517,1.68717002869
1.17796111107,1.1877989769,1.20350313187,1.30239486694,1.6646502018
1.19041609764,1.14209413528,1.19965791702,1.29121017456,1.69583797455
1.15059709549,1.14607095718,1.202698946,1.30677604675,1.68907904625
1.20647621155,1.20784687996,1.19787597656,1.34489202499,1.69920492172
1.14466905594,1.15960407257,1.1992020607,1.32029485703,1.6698038578
1.18227505684,1.16328120232,1.20763301849,1.30843782425,1.71930003166
1.17820000648,1.14711594582,1.22754716873,1.33332681656,1.66895985603
1.16484999657,1.20097899437,1.23966908455,1.28616595268,1.69711279869
1.21549296379,1.16952610016,1.19121694565,1.3507900238,1.69719696045
1.17942881584,1.13675713539,1.24850916862,1.30303001404,1.67748689651
1.17096590996,1.17317605019,1.19715595245,1.30005383492,1.71001315117
1.19462180138,1.17444300652,1.2023730278,1.31062102318,1.70450496674
1.18661499023,1.14426589012,1.26272583008,1.35147809982,1.70089197159
1.16959810257,1.17232108116,1.19057893753,1.32525515556,1.70016717911
1.19462704659,1.14455699921,1.21851801872,1.3079829216,1.69601297379
1.14999508858,1.18245196342,1.21521997452,1.33457303047,1.67816996574
1.21928286552,1.16517615318,1.23362588882,1.2943611145,1.72482419014
1.16910290718,1.15458893776,1.21133685112,1.34714794159,1.72197890282
1.1949338913,1.20869898796,1.19165420532,1.30893015862,1.72249984741
1.19535088539,1.14846611023,1.26245498657,1.30029892921,1.68072104454
1.17127919197,1.16669106483,1.18558096886,1.30944013596,1.73434305191
1.16273188591,1.17071294785,1.20201301575,1.36191487312,1.68772101402
1.1837220192,1.1580760479,1.24402809143,1.32954001427,1.72838401794
1.19431805611,1.21483778954,1.22041392326,1.31876087189,1.70330500603
1.15857505798,1.1507089138,1.22080302238,1.33963084221,1.74641990662
1.21871685982,1.16499900818,1.21252608299,1.2966029644,1.69449210167
1.1525759697,1.18599891663,1.21614122391,1.3123819828,1.75676703453
1.20586395264,1.15353298187,1.21297097206,1.35869121552,1.68171906471
1.153621912,1.18570804596,1.23322701454,1.28645801544,1.73549509048
1.21272706985,1.15187597275,1.22326111794,1.32784104347,1.71454691887
1.15870499611,1.22772908211,1.19080805779,1.3402838707,1.69885706902
1.24717402458,1.20085501671,1.30999803543,1.33261299133,1.67596507072
1.19237709045,1.17342400551,1.26278495789,1.32863497734,1.67449498177
1.17707800865,1.19775915146,1.27123522758,1.29101395607,1.66730594635
1.20243191719,1.20309305191,1.30123591423,1.32198810577,1.63520503044
1.20788598061,1.16883397102,1.26538300514,1.30467295647,1.69943380356
1.21567797661,1.18914413452,1.27034401894,1.36478281021,1.63333177567
1.21887111664,1.19300603867,1.30332493782,1.31193709373,1.67192292213
1.17460298538,1.18326997757,1.27205514908,1.34033799171,1.6654279232
1.21301102638,1.19333410263,1.26523590088,1.33259606361,1.64717483521
1.19945693016,1.16767311096,1.30436086655,1.33504700661,1.66803622246
1.2063999176,1.21591687202,1.26818013191,1.29922103882,1.68291687965
1.22641801834,1.16538786888,1.26331400871,1.32475996017,1.67823696136
1.17452287674,1.1981241703,1.31154894829,1.29702210426,1.64666509628
1.23533678055,1.17486405373,1.25808787346,1.37122797966,1.70565295219
1.19556999207,1.20039510727,1.26554298401,1.31046009064,1.63914680481
1.20067501068,1.20525097847,1.31388092041,1.32517385483,1.67329788208
1.21541595459,1.17493104935,1.26465511322,1.30608701706,1.66212701797
1.20947504044,1.19552707672,1.2712430954,1.32449197769,1.66002893448
1.19433307648,1.19919705391,1.31026291847,1.34261202812,1.67613816261
1.20794200897,1.19871711731,1.26855015755,1.33320498466,1.70267295837
1.2028028965,1.19965696335,1.27368092537,1.32709312439,1.69035816193
1.22679281235,1.17114114761,1.30620598793,1.30274200439,1.6406519413
1.17489290237,1.20667004585,1.27393388748,1.36153101921,1.70417118073
1.23415899277,1.16614198685,1.27814388275,1.30196905136,1.65307188034
1.18686890602,1.19199895859,1.31156301498,1.30164599419,1.64794898033
1.18049001694,1.18167185783,1.26390194893,1.3364918232,1.70171093941
1.24176192284,1.21025586128,1.27394390106,1.31294488907,1.67131996155
1.19286084175,1.20660281181,1.31254386902,1.3143351078,1.64933800697
1.19701004028,1.17159199715,1.28691601753,1.34831786156,1.71979308128
1.18708896637,1.2006649971,1.27692008018,1.32115912437,1.68553304672
1.22929883003,1.20689082146,1.29932403564,1.34088206291,1.65725398064
1.18533086777,1.20479297638,1.29385018349,1.31100893021,1.72904515266
1.23673391342,1.17975115776,1.29862904549,1.35118412971,1.65915894508
1.18074798584,1.18722391129,1.26433396339,1.326171875,1.68545913696
1.22917199135,1.22577619553,1.2612991333,1.30800223351,1.68436193466
1.18751502037,1.19527697563,1.31474089622,1.35710287094,1.68350815773
1.23092699051,1.19660711288,1.28146100044,1.34273815155,1.67366099358
1.20521807671,1.19562101364,1.25784301758,1.32870697975,1.69786405563
1.21523094177,1.19517421722,1.25616693497,1.34570002556,1.70464396477
1.20518612862,1.15789580345,1.18723511696,1.36389422417,1.72206020355
1.17184901237,1.13767504692,1.19228100777,1.40433096886,1.67918491364
1.20431017876,1.15545105934,1.21069908142,1.34173297882,1.73428893089
1.19658088684,1.16973090172,1.21555304527,1.37346315384,1.71315193176
1.17940998077,1.12581515312,1.23356199265,1.38249492645,1.70597600937
1.22819805145,1.14830803871,1.19076895714,1.35232305527,1.75042486191
1.19791221619,1.1415040493,1.25098109245,1.38989591599,1.70317983627
1.18235111237,1.15125584602,1.19248199463,1.38283205032,1.69838213921
1.18521595001,1.15962982178,1.20425891876,1.35015702248,1.72528886795
1.19410896301,1.13017177582,1.21057391167,1.3582880497,1.709679842
1.16142892838,1.17369699478,1.22144603729,1.42212295532,1.69493103027
1.21765899658,1.1320130825,1.23264408112,1.35578179359,1.72225689888
1.16011404991,1.15616893768,1.18958997726,1.35012102127,1.73798203468
1.18699002266,1.13288807869,1.25104212761,1.36108589172,1.72278594971
1.19801616669,1.15958189964,1.19099903107,1.38954305649,1.67941522598
1.18794298172,1.1655459404,1.20467400551,1.35994410515,1.71911597252
1.23363804817,1.13024282455,1.21413397789,1.38084816933,1.72658896446
1.20586514473,1.14859986305,1.23049592972,1.3804628849,1.76369094849
1.19046998024,1.1564719677,1.24115610123,1.35540795326,1.71754813194
1.21690487862,1.15348410606,1.1938560009,1.41307115555,1.73163294792
1.21156692505,1.16094994545,1.24721312523,1.36571502686,1.72163701057
1.19423317909,1.13643789291,1.18722391129,1.35908794403,1.76509308815
1.21341991425,1.17766499519,1.20128512383,1.41741013527,1.75177311897
1.17787098885,1.13256287575,1.22506213188,1.38391900063,1.75303912163
1.21722507477,1.16160202026,1.19676613808,1.34620213509,1.73245406151
1.18351721764,1.14268493652,1.25615692139,1.40560388565,1.77780294418
1.20935797691,1.15534305573,1.21367311478,1.35277986526,1.73144292831
1.22594714165,1.17245221138,1.21096515656,1.3642821312,1.76460289955
1.19199204445,1.13211989403,1.19519305229,1.38616800308,1.76998209953
1.17144608498,1.13994789124,1.22500801086,1.38535714149,1.73158812523
1.20219707489,1.17811703682,1.23597121239,1.36198496819,1.76694607735
1.2161359787,1.17291998863,1.23093700409,1.40355300903,1.77029204369
1.17820000648,1.13501095772,1.22884607315,1.35394692421,1.74156689644
1.23112201691,1.15578603745,1.21292996407,1.3881380558,1.80559515953
1.17127990723,1.20444202423,1.24277901649,1.37718200684,1.76903700829
1.22679805756,1.14772582054,1.20185494423,1.39995288849,1.7808201313
1.17439699173,1.16199302673,1.21368098259,1.35307598114,1.75331902504
1.23611998558,1.15080404282,1.24926996231,1.40701889992,1.76132202148
1.18337512016,1.16108393669,1.23929095268,1.35989403725,1.76876616478
1.21242809296,1.16710495949,1.18641495705,1.32748603821,1.67588090897
1.18002295494,1.19422197342,1.19485807419,1.29232811928,1.71948695183
1.21212291718,1.199187994,1.18654608727,1.3018219471,1.69061589241
1.1923251152,1.17321014404,1.20905709267,1.35893297195,1.70941305161
1.19267201424,1.1970410347,1.22446298599,1.29026222229,1.71896982193
1.24254488945,1.20753693581,1.1740090847,1.35026788712,1.68403410912
1.2127020359,1.17401099205,1.23433709145,1.29437613487,1.74078607559
1.20549821854,1.19466996193,1.18755888939,1.34567284584,1.70566105843
1.19719290733,1.20478606224,1.20193791389,1.33652091026,1.68794202805
1.2201218605,1.1657910347,1.1848051548,1.2869849205,1.70413398743
1.18260002136,1.20361399651,1.20015001297,1.35340809822,1.71521997452
1.23608112335,1.21355485916,1.22651910782,1.29409098625,1.68641114235
1.17812204361,1.177328825,1.17968010902,1.34197402,1.73533511162
1.20309305191,1.19306111336,1.24071192741,1.30095005035,1.71672081947
1.20739889145,1.19919800758,1.19500803947,1.31625103951,1.67448687553
1.19561100006,1.16685581207,1.21015715599,1.31239914894,1.72926616669
1.24186491966,1.19558286667,1.18206000328,1.33783006668,1.71977996826
1.20761704445,1.20972394943,1.20236206055,1.31134486198,1.68422102928
1.20745682716,1.16748595238,1.22619080544,1.33379292488,1.74290394783
1.22378897667,1.19808602333,1.17254090309,1.34736394882,1.71057486534
1.21410703659,1.20710396767,1.23418402672,1.3406560421,1.67504906654
1.20910906792,1.17952418327,1.19370007515,1.30391001701,1.71447014809
1.21825909615,1.19881510735,1.20340895653,1.31561899185,1.68955302238
1.17777585983,1.20980787277,1.18976402283,1.31756496429,1.71849489212
1.23514485359,1.17027997971,1.21057486534,1.3568520546,1.72910118103
1.18565797806,1.20189809799,1.23017597198,1.31287407875,1.68511986732
1.22438812256,1.21804594994,1.16540503502,1.30505895615,1.74098777771
1.22044801712,1.17926216125,1.23863196373,1.31355381012,1.71645379066
1.19963788986,1.19535899162,1.21245098114,1.35811591148,1.70290493965
1.18766379356,1.21610403061,1.21010613441,1.34188508987,1.72484493256
1.21411705017,1.17366600037,1.1838619709,1.30858898163,1.69447994232
1.22391700745,1.19548296928,1.21951818466,1.33976912498,1.72202587128
1.18827700615,1.19941806793,1.22754907608,1.30678701401,1.72695112228
1.25641798973,1.21377110481,1.18131995201,1.36113905907,1.70877599716
1.18775701523,1.1818010807,1.24489498138,1.30673003197,1.75807404518
1.23111796379,1.19880795479,1.21775698662,1.33145403862,1.72633814812
1.19285297394,1.20547604561,1.18645596504,1.35548710823,1.7234749794
1.24795889854,1.18126010895,1.22538805008,1.30723285675,1.70110297203
1.18281388283,1.21014404297,1.18242907524,1.31282782555,1.75478816032
1.21072101593,1.23625802994,1.20643615723,1.35651707649,1.70447087288
1.22002887726,1.21003603935,1.21274399757,1.34207105637,1.75286483765
1.17288780212,1.23873090744,1.22397994995,1.36020994186,1.69874095917
1.24019789696,1.24273991585,1.23335123062,1.34840297699,1.75899791718
1.20056009293,1.21022200584,1.19861388206,1.36219000816,1.73644018173
1.1750099659,1.21387195587,1.24376106262,1.34393692017,1.73670697212
1.2108001709,1.23912191391,1.19355916977,1.36720991135,1.7036550045
1.22072696686,1.22613286972,1.20370602608,1.33830904961,1.75521802902
1.18850302696,1.22398400307,1.21006202698,1.35899615288,1.69337296486
1.22941994667,1.20261621475,1.2332239151,1.35056996346,1.71628808975
1.2034277916,1.24876499176,1.23376488686,1.36549711227,1.74958205223
1.18424987793,1.20755910873,1.19444203377,1.34441900253,1.69787096977
1.20801305771,1.23224592209,1.24367117882,1.36334395409,1.73641085625
1.2256770134,1.20079398155,1.19509196281,1.34436488152,1.71458816528
1.19623184204,1.24554896355,1.20096302032,1.36347794533,1.75255608559
1.20055007935,1.24726605415,1.21643614769,1.34468007088,1.71038794518
1.2187371254,1.20738387108,1.22427606583,1.36488389969,1.75685405731
1.18529105186,1.22357702255,1.23329401016,1.34615492821,1.70801115036
1.24226903915,1.23244285583,1.19524788857,1.3648121357,1.77051901817
1.19759917259,1.23378396034,1.2503490448,1.3504588604,1.69854903221
1.19529604912,1.23352098465,1.21938896179,1.36882400513,1.73565483093
1.2005341053,1.19859981537,1.18682098389,1.34419894218,1.74256014824
1.21287608147,1.25211691856,1.22852301598,1.36415600777,1.73990702629
1.17926907539,1.20864510536,1.22451806068,1.34369397163,1.71783018112
1.24074983597,1.24084997177,1.23892498016,1.36894702911,1.77544593811
1.18741297722,1.21663808823,1.22993898392,1.3458108902,1.75285601616
1.23517918587,1.23289108276,1.21376800537,1.37059617043,1.72114706039
1.21489191055,1.25458812714,1.2214050293,1.35812902451,1.78620409966
1.17943000793,1.21826696396,1.20441603661,1.38794994354,1.7780790329
1.23033499718,1.23835515976,1.22540307045,1.37963104248,1.73294901848
1.19706702232,1.2538690567,1.24081206322,1.33592295647,1.81026411057
1.2182841301,1.24851799011,1.23798894882,1.36917996407,1.77930092812
1.18628001213,1.20664405823,1.22754096985,1.36911392212,1.74648618698
1.24718689919,1.2343211174,1.21823906898,1.38407993317,1.81223487854
1.18775606155,1.27510309219,1.24251103401,1.36993098259,1.78249406815
1.21402907372,1.22961711884,1.20026516914,1.32929611206,1.73964214325
1.22138810158,1.24172210693,1.2189810276,1.39837813377,1.80737495422
1.20720815659,1.23499393463,1.24064993858,1.35846495628,1.77493309975
1.18836712837,1.24626898766,1.24287605286,1.39052295685,1.73987412453
1.19430112839,1.20247101784,1.20418715477,1.30315518379,1.67478609085
1.15522313118,1.20531010628,1.18823885918,1.35263895988,1.69436407089
1.18576288223,1.18494606018,1.19959187508,1.29316496849,1.68935704231
1.17548108101,1.18614506721,1.21459889412,1.32227492332,1.6756310463
1.16867589951,1.20388507843,1.20688509941,1.30618214607,1.70579099655
1.21349692345,1.24300813675,1.1831600666,1.31929183006,1.6875898838
1.19063401222,1.17614889145,1.1888821125,1.29235982895,1.68608379364
1.17530107498,1.22056102753,1.21300387383,1.35736513138,1.69171094894
1.17116904259,1.17788600922,1.19399189949,1.31466507912,1.68990898132
1.20270204544,1.18803405762,1.18346881866,1.29030990601,1.671626091
1.16414904594,1.20420598984,1.2016890049,1.34581518173,1.69933199883
1.2137658596,1.21256804466,1.20556902885,1.2837998867,1.68560695648
1.14928412437,1.18691897392,1.19959306717,1.33186388016,1.70225596428
1.18205714226,1.21724700928,1.18552803993,1.29877400398,1.66788983345
1.18646907806,1.21958899498,1.18113017082,1.34646487236,1.71243190765
1.18158602715,1.22265601158,1.21047997475,1.30544805527,1.66906809807
1.22615695,1.18533587456,1.20455312729,1.3008620739,1.69671487808
1.1898560524,1.19942498207,1.18108606339,1.31211805344,1.68962788582
1.16943693161,1.24809002876,1.1878490448,1.32476806641,1.6762111187
1.19918894768,1.17719697952,1.19802808762,1.32801890373,1.69282197952
1.19645380974,1.21583485603,1.20529413223,1.32686305046,1.6881301403
1.17780399323,1.2171998024,1.20749306679,1.3180539608,1.68658685684
1.19467496872,1.22531294823,1.19186806679,1.33850121498,1.69735193253
1.16505289078,1.21279501915,1.20676088333,1.29418492317,1.69017195702
1.21766495705,1.20588994026,1.22699379921,1.31520414352,1.66769194603
1.16790914536,1.21130299568,1.19471597672,1.35272502899,1.69956994057
1.19701600075,1.19576120377,1.18624711037,1.31151199341,1.7000348568
1.2088599205,1.20124697685,1.22915101051,1.33140707016,1.71146988869
1.17858815193,1.24443101883,1.18424797058,1.31574106216,1.66453194618
1.17548799515,1.19044518471,1.23304581642,1.31531691551,1.72355079651
1.19550180435,1.23279500008,1.19318795204,1.29495406151,1.68098282814
1.2047560215,1.20606207848,1.20880794525,1.35654497147,1.70945906639
1.17074203491,1.21132993698,1.19051218033,1.29159092903,1.67790317535
1.2169470787,1.19920492172,1.21863698959,1.30025911331,1.74933600426
1.15568590164,1.21908187866,1.1879940033,1.33127403259,1.67701816559
1.21120810509,1.24756097794,1.21677303314,1.31763887405,1.72121405602
1.16211915016,1.17813706398,1.22380614281,1.3214571476,1.67612600327
1.22507691383,1.22357416153,1.17897796631,1.29601788521,1.73190307617
1.15726685524,1.21398901939,1.23012018204,1.32407999039,1.69016003609
1.20205116272,1.27714896202,1.16890692711,1.35761880875,1.64515304565
1.17940592766,1.2063100338,1.19487309456,1.36790585518,1.66029405594
1.18987083435,1.2216629982,1.19518685341,1.41044902802,1.64339613914
1.20552706718,1.26534199715,1.20895195007,1.39014077187,1.65109300613
1.18093204498,1.21725916862,1.21365904808,1.36910200119,1.64964795113
1.23611617088,1.22211098671,1.17866516113,1.39235901833,1.65799498558
1.2030479908,1.25725007057,1.22596907616,1.35710191727,1.64444208145
1.18551015854,1.25389003754,1.16757202148,1.41186785698,1.66120696068
1.19454908371,1.21574091911,1.18907403946,1.37129211426,1.64972496033
1.21529817581,1.25344014168,1.1922390461,1.36276602745,1.65828895569
1.16954803467,1.22026491165,1.21002292633,1.36981701851,1.65178990364
1.23239994049,1.23067498207,1.21357512474,1.40749406815,1.65996384621
1.16463899612,1.26516389847,1.17680311203,1.37366390228,1.66714215279
1.19540905952,1.24684000015,1.23950886726,1.36945390701,1.65773296356
1.19778800011,1.24096703529,1.1750190258,1.39164113998,1.64684486389
1.18293595314,1.21954989433,1.1893351078,1.34428286552,1.66935586929
1.22588300705,1.24767994881,1.19159913063,1.40918922424,1.66692209244
1.19933104515,1.2435541153,1.20767998695,1.35959601402,1.65569996834
1.19536089897,1.24407505989,1.21821713448,1.35849499702,1.66119909286
1.2027862072,1.24555015564,1.17832398415,1.36739897728,1.6325969696
1.20836901665,1.24128603935,1.23078107834,1.41584801674,1.69676303864
1.19815206528,1.25545287132,1.18010306358,1.37284803391,1.67477989197
1.2116818428,1.23858785629,1.18917584419,1.36348414421,1.65347504616
1.17584300041,1.22618603706,1.21280503273,1.37965393066,1.6640651226
1.21516609192,1.27786207199,1.19831991196,1.3438539505,1.67024707794
1.18002200127,1.21742296219,1.24738097191,1.40368103981,1.66275811195
1.20780515671,1.22783207893,1.19715499878,1.355686903,1.69923782349
1.22432518005,1.28062605858,1.19977211952,1.34400081635,1.68506097794
1.18937087059,1.21840405464,1.18862700462,1.36306285858,1.66925096512
1.18063497543,1.22446799278,1.21467804909,1.4132630825,1.71327114105
1.20516014099,1.24520492554,1.21866488457,1.37423396111,1.70725798607
1.21809220314,1.25477004051,1.21035695076,1.36033296585,1.66706299782
1.18103694916,1.26436686516,1.21164298058,1.38352513313,1.73649406433
1.23114681244,1.22386288643,1.19755601883,1.34242796898,1.65886306763
1.16551685333,1.27433991432,1.2319560051,1.354377985,1.70089912415
1.22555589676,1.2518851757,1.19250702858,1.41769886017,1.71378993988
1.17829799652,1.27726984024,1.19452905655,1.33788919449,1.70129799843
1.24067807198,1.24496102333,1.23312520981,1.37693500519,1.69969820976
1.17460083961,1.21453690529,1.2187731266,1.3844769001,1.70298290253
1.20573592186,1.1803188324,1.20252203941,1.3514008522,1.61533689499
1.17785286903,1.24553179741,1.1534049511,1.31024098396,1.63605093956
1.20942091942,1.21141386032,1.18039011955,1.31962704659,1.63166189194
1.19798612595,1.18538999557,1.15915489197,1.37451696396,1.60421490669
1.19083023071,1.19618105888,1.18103098869,1.30802798271,1.63741111755
1.24333405495,1.24193000793,1.18192005157,1.3626499176,1.63568687439
1.2064769268,1.18824410439,1.16131615639,1.31198501587,1.6313598156
1.18145680428,1.20505213737,1.18830299377,1.35703778267,1.63337492943
1.19577693939,1.23107194901,1.19695305824,1.34419393539,1.62229394913
1.20808720589,1.18641114235,1.15791201591,1.30871915817,1.61565804482
1.18187594414,1.24600815773,1.18445110321,1.36440682411,1.64057612419
1.2366797924,1.21381211281,1.15884804726,1.3029999733,1.63058495522
1.18157100677,1.18760991096,1.18009090424,1.35248708725,1.64903903008
1.20710611343,1.19858789444,1.17771697044,1.32237005234,1.61345911026
1.2041311264,1.2380027771,1.16717100143,1.3201880455,1.6617770195
1.19333410263,1.18643188477,1.18747997284,1.32015609741,1.61016106606
1.23534703255,1.20671582222,1.19709205627,1.35074806213,1.64047002792
1.20995593071,1.23485994339,1.16359806061,1.31454205513,1.64085912704
1.18583512306,1.18911600113,1.18259596825,1.34295105934,1.63386082649
1.21835303307,1.25108599663,1.16704106331,1.35019493103,1.64150500298
1.21170687675,1.21309399605,1.18847608566,1.3511838913,1.63669419289
1.20529794693,1.18839693069,1.15976405144,1.31500720978,1.62745499611
1.21163988113,1.20161318779,1.22482705116,1.32231903076,1.63994908333
1.18321204185,1.23982906342,1.18681502342,1.32984805107,1.64132189751
1.23755478859,1.19552397728,1.17369508743,1.36949706078,1.61665391922
1.18215894699,1.20964384079,1.19388413429,1.32637095451,1.65288591385
1.21117997169,1.24305200577,1.17695689201,1.32180309296,1.64700198174
1.22055411339,1.19104409218,1.16315507889,1.31846499443,1.64891004562
1.20597600937,1.25461602211,1.21977686882,1.3661980629,1.6123650074
1.19572401047,1.20867013931,1.15325713158,1.35076999664,1.66619610786
1.21241688728,1.19572210312,1.18840885162,1.30930113792,1.62306308746
1.22705292702,1.23824810982,1.19881701469,1.33715391159,1.65172696114
1.18334197998,1.21168899536,1.15852403641,1.31104493141,1.63229703903
1.23357796669,1.19500207901,1.17054986954,1.36959910393,1.68812203407
1.1738820076,1.2266330719,1.19079113007,1.31771397591,1.61308693886
1.2304661274,1.19952821732,1.19994807243,1.33525109291,1.67448401451
1.18737506866,1.24720597267,1.16542387009,1.35880303383,1.62975287437
1.23619008064,1.19506716728,1.22492599487,1.31650710106,1.68326115608
1.18924713135,1.2152569294,1.17544603348,1.31915903091,1.63139200211
1.19161009789,1.17152404785,1.1683678627,1.36321210861,1.72543096542
1.16112112999,1.15900397301,1.16477799416,1.30513596535,1.69850206375
1.15412306786,1.19597601891,1.1814789772,1.3382730484,1.75347399712
1.1514749527,1.14911103249,1.20570993423,1.35070014,1.69321703911
1.16354489326,1.18901705742,1.20868706703,1.34584498405,1.74622702599
1.17486190796,1.18621206284,1.17102408409,1.3100810051,1.70457386971
1.14034199715,1.18496203423,1.23114299774,1.37378287315,1.75833415985
1.19396495819,1.15835094452,1.15923213959,1.31009411812,1.70034790039
1.16452002525,1.17848587036,1.17862391472,1.33954811096,1.71760010719
1.16387605667,1.17658996582,1.18948197365,1.35190200806,1.70489597321
1.15057396889,1.1823849678,1.20844388008,1.344217062,1.75831508636
1.1560819149,1.15959382057,1.21354389191,1.31063699722,1.70218491554
1.17503118515,1.19349694252,1.17331910133,1.37807011604,1.75086092949
1.13944387436,1.15928912163,1.2252099514,1.31278586388,1.70757389069
1.20273685455,1.18157410622,1.16366004944,1.34751105309,1.76277017593
1.13074994087,1.18174910545,1.19035196304,1.35967183113,1.69914984703
1.16546177864,1.18482208252,1.19341397285,1.35045814514,1.7420592308
1.16121792793,1.16044902802,1.20412683487,1.30932497978,1.71738886833
1.17637181282,1.19272398949,1.21477794647,1.37918114662,1.76045393944
1.15260100365,1.18713498116,1.15808701515,1.31343889236,1.73268699646
1.14486312866,1.17830014229,1.22588801384,1.34224295616,1.70623803139
1.17663407326,1.15941905975,1.1646490097,1.3666510582,1.75956487656
1.17921280861,1.20390200615,1.18664312363,1.35361099243,1.73948478699
1.15532183647,1.15413117409,1.20966291428,1.31846213341,1.75241994858
1.15978503227,1.19087290764,1.17758893967,1.38195610046,1.71869397163
1.15799617767,1.16649508476,1.24527907372,1.31745100021,1.75200200081
1.17990803719,1.19290399551,1.18819999695,1.34416103363,1.75375008583
1.17551708221,1.20364189148,1.19756698608,1.36016511917,1.72660017014
1.13100004196,1.14521718025,1.16920995712,1.36010694504,1.7595140934
1.1822681427,1.18313908577,1.20564508438,1.31699609756,1.72640895844
1.15743398666,1.20198702812,1.2135720253,1.37174391747,1.75778913498
1.18044996262,1.19448709488,1.20565605164,1.3431699276,1.75352311134
1.14339995384,1.1650531292,1.20921111107,1.35169100761,1.7635679245
1.20168495178,1.1823220253,1.19448208809,1.31928300858,1.71986293793
1.13674807549,1.22177481651,1.2121629715,1.33032917976,1.78524589539
1.16706681252,1.17846083641,1.1804561615,1.38697695732,1.73549604416
1.17404699326,1.18248987198,1.19439792633,1.35897707939,1.74542093277
1.16409492493,1.18786692619,1.22650003433,1.31374502182,1.76656889915
1.14384293556,1.18699407578,1.22554206848,1.3689391613,1.7267510891
1.16416215897,1.16767501831,1.21858310699,1.31137490273,1.70098590851
1.17405486107,1.18153595924,1.23608899117,1.31582593918,1.70990300179
1.18140387535,1.17660999298,1.24038290977,1.3422999382,1.67945718765
1.21964097023,1.17701506615,1.20159316063,1.34683418274,1.71427989006
1.17601919174,1.19022107124,1.25132393837,1.35013484955,1.7147371769
1.23450088501,1.15749001503,1.20751690865,1.31995582581,1.67592597008
1.19636487961,1.16422104836,1.21473693848,1.31922101974,1.70179200172
1.19022202492,1.18907094002,1.22146391869,1.34111189842,1.70891594887
1.2112429142,1.17566800117,1.24145817757,1.31703996658,1.67179393768
1.21455383301,1.16078782082,1.23994994164,1.32972288132,1.70635700226
1.17080593109,1.19021010399,1.20231413841,1.36502408981,1.71453905106
1.23053216934,1.20280385017,1.26028800011,1.32860302925,1.67531609535
1.17419195175,1.16146183014,1.19584298134,1.34636998177,1.69929695129
1.21015191078,1.17021799088,1.21478891373,1.31863594055,1.70792293549
1.21158695221,1.18642711639,1.22911119461,1.32020306587,1.67240715027
1.18756389618,1.18537902832,1.24130702019,1.34122896194,1.71237111092
1.2300260067,1.17815804482,1.24346399307,1.32675695419,1.71117687225
1.20892119408,1.19924902916,1.21285510063,1.35081195831,1.6702439785
1.19596791267,1.15922999382,1.26062202454,1.35517001152,1.70968103409
1.2190618515,1.163438797,1.20865702629,1.32372903824,1.68404197693
1.21406388283,1.18824005127,1.21903395653,1.32491707802,1.72034907341
1.19607591629,1.19206595421,1.21816802025,1.33233594894,1.71219801903
1.21652197838,1.16255021095,1.24562001228,1.38885211945,1.67627596855
1.18740987778,1.18752002716,1.25164103508,1.32768988609,1.7375190258
1.23480391502,1.19770908356,1.21460008621,1.34580492973,1.66816091537
1.19108605385,1.16389513016,1.26512789726,1.31370306015,1.71546292305
1.21496915817,1.16962003708,1.21098303795,1.36870098114,1.71954607964
1.21750116348,1.18418097496,1.21671199799,1.35088396072,1.67944693565
1.19295787811,1.19335699081,1.2123799324,1.31879496574,1.72729110718
1.19044089317,1.17753005028,1.22479915619,1.35023498535,1.71135497093
1.21832299232,1.16934704781,1.23148202896,1.32460594177,1.70510911942
1.21924996376,1.21980309486,1.24423408508,1.36157989502,1.74124598503
1.18039989471,1.15643119812,1.23068404198,1.34732294083,1.72007393837
1.24037981033,1.16700696945,1.25028705597,1.31131291389,1.72993707657
1.17236399651,1.19636702538,1.2013528347,1.33397507668,1.70057606697
1.23006010056,1.18625617027,1.22379493713,1.34795403481,1.73423409462
1.18181610107,1.19753098488,1.25811505318,1.31928801537,1.72074484825
1.23955416679,1.18944382668,1.22374582291,1.35558390617,1.72378396988
1.18034005165,1.15184879303,1.22350788116,1.32123494148,1.72303199768
